-- MySQL dump 10.13  Distrib 5.5.43, for debian-linux-gnu (i686)
--
-- Host: localhost    Database: gis_trade
-- ------------------------------------------------------
-- Server version	5.5.43-0ubuntu0.14.04.1

/*!40101 SET @OLD_CHARACTER_SET_CLIENT=@@CHARACTER_SET_CLIENT */;
/*!40101 SET @OLD_CHARACTER_SET_RESULTS=@@CHARACTER_SET_RESULTS */;
/*!40101 SET @OLD_COLLATION_CONNECTION=@@COLLATION_CONNECTION */;
/*!40101 SET NAMES utf8 */;
/*!40103 SET @OLD_TIME_ZONE=@@TIME_ZONE */;
/*!40103 SET TIME_ZONE='+00:00' */;
/*!40014 SET @OLD_UNIQUE_CHECKS=@@UNIQUE_CHECKS, UNIQUE_CHECKS=0 */;
/*!40014 SET @OLD_FOREIGN_KEY_CHECKS=@@FOREIGN_KEY_CHECKS, FOREIGN_KEY_CHECKS=0 */;
/*!40101 SET @OLD_SQL_MODE=@@SQL_MODE, SQL_MODE='NO_AUTO_VALUE_ON_ZERO' */;
/*!40111 SET @OLD_SQL_NOTES=@@SQL_NOTES, SQL_NOTES=0 */;

--
-- Table structure for table `activity`
--

DROP TABLE IF EXISTS `activity`;
/*!40101 SET @saved_cs_client     = @@character_set_client */;
/*!40101 SET character_set_client = utf8 */;
CREATE TABLE `activity` (
  `activity_id` int(11) NOT NULL AUTO_INCREMENT,
  `name` varchar(255) NOT NULL,
  PRIMARY KEY (`activity_id`)
) ENGINE=InnoDB AUTO_INCREMENT=4 DEFAULT CHARSET=utf8;
/*!40101 SET character_set_client = @saved_cs_client */;

--
-- Dumping data for table `activity`
--

LOCK TABLES `activity` WRITE;
/*!40000 ALTER TABLE `activity` DISABLE KEYS */;
INSERT INTO `activity` VALUES (1,'Акция'),(2,'Проверка'),(3,'sadasd');
/*!40000 ALTER TABLE `activity` ENABLE KEYS */;
UNLOCK TABLES;

--
-- Table structure for table `city`
--

DROP TABLE IF EXISTS `city`;
/*!40101 SET @saved_cs_client     = @@character_set_client */;
/*!40101 SET character_set_client = utf8 */;
CREATE TABLE `city` (
  `city_id` int(11) NOT NULL AUTO_INCREMENT,
  `name` varchar(255) NOT NULL,
  PRIMARY KEY (`city_id`)
) ENGINE=InnoDB AUTO_INCREMENT=5 DEFAULT CHARSET=utf8;
/*!40101 SET character_set_client = @saved_cs_client */;

--
-- Dumping data for table `city`
--

LOCK TABLES `city` WRITE;
/*!40000 ALTER TABLE `city` DISABLE KEYS */;
INSERT INTO `city` VALUES (1,'Житомир'),(2,'Киев'),(3,'Овруч'),(4,'хуемае');
/*!40000 ALTER TABLE `city` ENABLE KEYS */;
UNLOCK TABLES;

--
-- Table structure for table `city_activity`
--

DROP TABLE IF EXISTS `city_activity`;
/*!40101 SET @saved_cs_client     = @@character_set_client */;
/*!40101 SET character_set_client = utf8 */;
CREATE TABLE `city_activity` (
  `city_id` int(11) NOT NULL,
  `activity_id` int(11) NOT NULL,
  UNIQUE KEY `city_id` (`city_id`,`activity_id`)
) ENGINE=InnoDB DEFAULT CHARSET=utf8;
/*!40101 SET character_set_client = @saved_cs_client */;

--
-- Dumping data for table `city_activity`
--

LOCK TABLES `city_activity` WRITE;
/*!40000 ALTER TABLE `city_activity` DISABLE KEYS */;
/*!40000 ALTER TABLE `city_activity` ENABLE KEYS */;
UNLOCK TABLES;

--
-- Table structure for table `event`
--

DROP TABLE IF EXISTS `event`;
/*!40101 SET @saved_cs_client     = @@character_set_client */;
/*!40101 SET character_set_client = utf8 */;
CREATE TABLE `event` (
  `event_id` int(11) NOT NULL AUTO_INCREMENT,
  `date` int(11) NOT NULL,
  `lat` varchar(25) NOT NULL,
  `long` varchar(25) NOT NULL,
  `user_id` int(11) NOT NULL,
  `imei` varchar(255) NOT NULL,
  `activity_id` int(11) NOT NULL,
  `city_id` int(11) NOT NULL,
  `image` varchar(255) NOT NULL,
  PRIMARY KEY (`event_id`)
) ENGINE=InnoDB AUTO_INCREMENT=201 DEFAULT CHARSET=utf8;
/*!40101 SET character_set_client = @saved_cs_client */;

--
-- Dumping data for table `event`
--

LOCK TABLES `event` WRITE;
/*!40000 ALTER TABLE `event` DISABLE KEYS */;
INSERT INTO `event` VALUES (1,1449698400,'49.36','27.79',26,'',1,2,''),(2,1429477200,'49.56','27.99',26,'',3,2,''),(3,1447624800,'50.06','28.09',27,'',3,1,''),(4,1424037600,'49.96','27.89',24,'',1,4,''),(5,1433278800,'50.06','28.49',27,'',3,4,''),(6,1425938400,'49.66','28.19',26,'',2,3,''),(7,1436907600,'50.26','28.69',26,'',2,2,''),(8,1431810000,'49.86','27.79',24,'',2,1,''),(9,1439586000,'49.36','27.79',27,'',2,4,''),(10,1436907600,'49.96','28.29',27,'',1,4,''),(11,1431032400,'50.06','28.59',26,'',3,4,''),(12,1447365600,'49.46','28.49',26,'',3,4,''),(13,1445810400,'50.26','28.69',27,'',1,1,''),(14,1439413200,'50.26','28.09',26,'',2,4,''),(15,1430082000,'50.26','28.69',26,'',1,4,''),(16,1434747600,'49.86','27.89',26,'',3,4,''),(17,1439931600,'50.06','27.79',26,'',2,1,''),(18,1442869200,'49.46','28.29',24,'',2,4,''),(19,1431550800,'50.06','27.89',26,'',1,1,''),(20,1425938400,'50.26','28.09',25,'',2,3,''),(21,1448748000,'49.86','28.69',25,'',2,1,''),(22,1432760400,'49.46','28.39',25,'',2,1,''),(23,1436562000,'49.36','28.49',27,'',1,4,''),(24,1434315600,'49.36','28.59',27,'',3,1,''),(25,1438981200,'50.16','28.59',25,'',2,4,''),(26,1428008400,'50.16','27.99',24,'',2,4,''),(27,1448229600,'49.36','27.79',24,'',3,3,''),(28,1436216400,'49.96','27.89',26,'',2,4,''),(29,1431982800,'49.56','28.49',24,'',3,3,''),(30,1426543200,'49.66','28.59',24,'',1,1,''),(31,1420754400,'49.36','28.39',24,'',2,3,''),(32,1439067600,'49.66','27.79',27,'',3,1,''),(33,1433451600,'49.46','28.29',25,'',1,1,''),(34,1432501200,'50.06','28.49',24,'',3,3,''),(35,1446674400,'50.16','28.19',27,'',2,1,''),(36,1422136800,'49.96','28.19',24,'',3,3,''),(37,1429736400,'50.06','27.89',27,'',2,3,''),(38,1444942800,'50.26','28.69',26,'',3,3,''),(39,1421964000,'49.76','28.09',24,'',1,4,''),(40,1437771600,'50.16','28.69',26,'',3,2,''),(41,1433451600,'50.16','28.39',26,'',2,4,''),(42,1423778400,'49.86','28.69',25,'',3,4,''),(43,1428094800,'49.96','28.69',24,'',3,2,''),(44,1436302800,'49.46','28.59',24,'',2,4,''),(45,1440018000,'49.46','27.79',24,'',1,4,''),(46,1440450000,'49.96','28.59',24,'',1,4,''),(47,1432069200,'49.96','27.99',25,'',3,2,''),(48,1446415200,'49.96','28.59',27,'',3,3,''),(49,1444856400,'49.86','28.09',26,'',2,2,''),(50,1450303200,'49.46','27.89',27,'',2,1,''),(51,1447020000,'50.16','28.19',26,'',2,3,''),(52,1435438800,'50.26','28.69',26,'',1,4,''),(53,1442696400,'49.76','28.69',27,'',1,2,''),(54,1443301200,'49.96','27.89',27,'',2,2,''),(55,1441486800,'49.66','28.19',24,'',2,4,''),(56,1427148000,'49.86','28.19',26,'',2,2,''),(57,1440536400,'49.56','28.49',26,'',2,3,''),(58,1437685200,'49.36','28.29',26,'',1,3,''),(59,1440536400,'49.36','28.39',25,'',1,1,''),(60,1427320800,'49.36','27.79',26,'',1,3,''),(61,1448748000,'49.36','28.49',24,'',2,2,''),(62,1448402400,'49.46','28.59',24,'',2,2,''),(63,1440018000,'49.46','28.39',24,'',2,2,''),(64,1424037600,'49.86','28.29',26,'',1,3,''),(65,1434747600,'49.56','28.19',24,'',1,1,''),(66,1450994400,'49.86','28.39',27,'',1,3,''),(67,1425852000,'50.26','28.39',24,'',3,2,''),(68,1443733200,'49.96','28.69',24,'',3,3,''),(69,1438894800,'49.46','28.29',25,'',3,1,''),(70,1433883600,'49.46','28.69',26,'',1,3,''),(71,1420840800,'49.36','27.89',24,'',2,4,''),(72,1423000800,'49.56','28.39',27,'',1,3,''),(73,1442955600,'49.46','27.89',25,'',3,3,''),(74,1439240400,'50.06','27.79',27,'',2,4,''),(75,1439672400,'49.76','28.39',26,'',1,4,''),(76,1445983200,'50.06','28.59',27,'',2,3,''),(77,1442955600,'49.46','27.79',25,'',3,1,''),(78,1440277200,'50.26','28.29',26,'',2,3,''),(79,1436302800,'49.76','27.89',27,'',1,4,''),(80,1429736400,'50.06','28.59',25,'',1,3,''),(81,1441141200,'49.56','28.49',25,'',1,4,''),(82,1443128400,'49.36','28.59',24,'',2,2,''),(83,1431637200,'50.26','28.39',25,'',1,4,''),(84,1441141200,'49.96','28.49',25,'',3,3,''),(85,1446760800,'49.56','28.59',25,'',1,3,''),(86,1435438800,'49.66','27.99',25,'',2,1,''),(87,1444856400,'49.76','28.49',25,'',1,2,''),(88,1420149600,'49.46','27.79',27,'',1,4,''),(89,1424815200,'49.66','27.89',26,'',3,4,''),(90,1431723600,'49.86','27.79',27,'',3,2,''),(91,1422741600,'49.66','28.29',27,'',3,2,''),(92,1438462800,'49.96','28.29',27,'',3,3,''),(93,1428958800,'49.66','27.89',26,'',3,1,''),(94,1441918800,'49.46','28.09',26,'',2,2,''),(95,1440450000,'49.86','28.69',27,'',1,2,''),(96,1426888800,'49.96','28.59',25,'',3,2,''),(97,1447538400,'50.26','28.49',24,'',3,4,''),(98,1421445600,'49.36','28.69',25,'',1,2,''),(99,1424556000,'49.96','28.69',24,'',3,4,''),(100,1429218000,'49.56','28.29',27,'',3,2,''),(101,0,'','',27,'',0,0,''),(102,0,'','',24,'',0,0,''),(103,0,'','',24,'',0,0,''),(104,0,'','',25,'',0,0,''),(105,0,'','',25,'',0,0,''),(106,0,'','',27,'',0,0,''),(107,0,'','',25,'',0,0,''),(108,0,'','',27,'',0,0,''),(109,0,'','',26,'',0,0,''),(110,0,'','',26,'',0,0,''),(111,0,'','',26,'',0,0,''),(112,0,'','',27,'',0,0,''),(113,0,'','',26,'',0,0,''),(114,0,'','',24,'',0,0,''),(115,0,'','',26,'',0,0,''),(116,0,'','',25,'',0,0,''),(117,0,'','',27,'',0,0,''),(118,0,'','',25,'',0,0,''),(119,0,'','',25,'',0,0,''),(120,0,'','',25,'',0,0,''),(121,0,'','',24,'',0,0,''),(122,0,'','',24,'',0,0,''),(123,0,'','',26,'',0,0,''),(124,0,'','',25,'',0,0,''),(125,0,'','',25,'',0,0,''),(126,0,'','',24,'',0,0,''),(127,0,'','',25,'',0,0,''),(128,0,'','',24,'',0,0,''),(129,0,'','',26,'',0,0,''),(130,0,'','',26,'',0,0,''),(131,0,'','',27,'',0,0,''),(132,0,'','',27,'',0,0,''),(133,0,'','',25,'',0,0,''),(134,0,'','',26,'',0,0,''),(135,0,'','',26,'',0,0,''),(136,0,'','',27,'',0,0,''),(137,0,'','',24,'',0,0,''),(138,0,'','',26,'',0,0,''),(139,0,'','',26,'',0,0,''),(140,0,'','',25,'',0,0,''),(141,0,'','',26,'',0,0,''),(142,0,'','',26,'',0,0,''),(143,0,'','',26,'',0,0,''),(144,0,'','',27,'',0,0,''),(145,0,'','',25,'',0,0,''),(146,0,'','',27,'',0,0,''),(147,0,'','',25,'',0,0,''),(148,0,'','',24,'',0,0,''),(149,0,'','',25,'',0,0,''),(150,0,'','',26,'',0,0,''),(151,0,'','',25,'',0,0,''),(152,0,'','',27,'',0,0,''),(153,0,'','',27,'',0,0,''),(154,0,'','',26,'',0,0,''),(155,0,'','',24,'',0,0,''),(156,0,'','',27,'',0,0,''),(157,0,'','',26,'',0,0,''),(158,0,'','',24,'',0,0,''),(159,0,'','',27,'',0,0,''),(160,0,'','',25,'',0,0,''),(161,0,'','',24,'',0,0,''),(162,0,'','',27,'',0,0,''),(163,0,'','',26,'',0,0,''),(164,0,'','',26,'',0,0,''),(165,0,'','',26,'',0,0,''),(166,0,'','',24,'',0,0,''),(167,0,'','',25,'',0,0,''),(168,0,'','',25,'',0,0,''),(169,0,'','',26,'',0,0,''),(170,0,'','',27,'',0,0,''),(171,0,'','',27,'',0,0,''),(172,0,'','',24,'',0,0,''),(173,0,'','',25,'',0,0,''),(174,0,'','',24,'',0,0,''),(175,0,'','',26,'',0,0,''),(176,0,'','',27,'',0,0,''),(177,0,'','',25,'',0,0,''),(178,0,'','',26,'',0,0,''),(179,0,'','',25,'',0,0,''),(180,0,'','',26,'',0,0,''),(181,0,'','',26,'',0,0,''),(182,0,'','',24,'',0,0,''),(183,0,'','',27,'',0,0,''),(184,0,'','',25,'',0,0,''),(185,0,'','',25,'',0,0,''),(186,0,'','',27,'',0,0,''),(187,0,'','',27,'',0,0,''),(188,0,'','',27,'',0,0,''),(189,0,'','',25,'',0,0,''),(190,0,'','',24,'',0,0,''),(191,0,'','',25,'',0,0,''),(192,0,'','',26,'',0,0,''),(193,0,'','',25,'',0,0,''),(194,0,'','',27,'',0,0,''),(195,0,'','',27,'',0,0,''),(196,0,'','',26,'',0,0,''),(197,0,'','',25,'',0,0,''),(198,0,'','',26,'',0,0,''),(199,0,'','',27,'',0,0,''),(200,0,'','',24,'',0,0,'');
/*!40000 ALTER TABLE `event` ENABLE KEYS */;
UNLOCK TABLES;

--
-- Table structure for table `user`
--

DROP TABLE IF EXISTS `user`;
/*!40101 SET @saved_cs_client     = @@character_set_client */;
/*!40101 SET character_set_client = utf8 */;
CREATE TABLE `user` (
  `user_id` int(11) NOT NULL AUTO_INCREMENT,
  `parent_id` int(11) DEFAULT NULL,
  `role_id` int(11) NOT NULL,
  `username` varchar(255) NOT NULL,
  `password` varchar(255) NOT NULL,
  `suid` varchar(255) NOT NULL,
  `imei` varchar(255) NOT NULL,
  `fullname` varchar(255) NOT NULL,
  `phone` varchar(15) DEFAULT NULL,
  PRIMARY KEY (`user_id`),
  UNIQUE KEY `imei` (`imei`),
  UNIQUE KEY `username` (`username`)
) ENGINE=InnoDB AUTO_INCREMENT=28 DEFAULT CHARSET=utf8;
/*!40101 SET character_set_client = @saved_cs_client */;

--
-- Dumping data for table `user`
--

LOCK TABLES `user` WRITE;
/*!40000 ALTER TABLE `user` DISABLE KEYS */;
INSERT INTO `user` VALUES (1,0,1,'concept.galitsky@gmail.com','511a83f4a56009db577db1fccdcc5c4a','d14c8ae130afdd26dfef80800b242916','qweqwe','Виктор Галицкий dfgfhg','0000000000'),(2,1,2,'test','test','','435789309283','test user','342095'),(3,8,3,'agent1','','','4','Agent 1',NULL),(4,7,3,'agent2','','','3','Agent 21',''),(7,NULL,2,'manager1','698d51a19d8a121ce581499d7b701668','26e6debbdc2e087aa64f3f2c1cf06203','2','Manager 1','987987987987'),(8,NULL,2,'manager2','','','fgsdfgs','Manager2','1111111'),(20,2,3,'ssfs','','','','sfgsdfgsdf',NULL),(21,2,3,'цукпцук','','','ыфвафыв','укцекуцке','3454234'),(23,NULL,2,'23445','','','32454','32454','23445'),(24,7,3,'3454','','','2345','2345','3445'),(25,7,3,'44523452','','','32454234','34543245','523454'),(26,7,3,'234234','','','4rg34','2f3f423','243234'),(27,8,3,'sdfsdfds','','','24r2f2r2','sdfgsdf','234234');
/*!40000 ALTER TABLE `user` ENABLE KEYS */;
UNLOCK TABLES;

--
-- Table structure for table `user_role`
--

DROP TABLE IF EXISTS `user_role`;
/*!40101 SET @saved_cs_client     = @@character_set_client */;
/*!40101 SET character_set_client = utf8 */;
CREATE TABLE `user_role` (
  `role_id` int(11) NOT NULL AUTO_INCREMENT,
  `role_name` varchar(255) NOT NULL,
  PRIMARY KEY (`role_id`)
) ENGINE=InnoDB AUTO_INCREMENT=4 DEFAULT CHARSET=utf8;
/*!40101 SET character_set_client = @saved_cs_client */;

--
-- Dumping data for table `user_role`
--

LOCK TABLES `user_role` WRITE;
/*!40000 ALTER TABLE `user_role` DISABLE KEYS */;
INSERT INTO `user_role` VALUES (1,'Администратор'),(2,'Менеджер'),(3,'Агент');
/*!40000 ALTER TABLE `user_role` ENABLE KEYS */;
UNLOCK TABLES;
/*!40103 SET TIME_ZONE=@OLD_TIME_ZONE */;

/*!40101 SET SQL_MODE=@OLD_SQL_MODE */;
/*!40014 SET FOREIGN_KEY_CHECKS=@OLD_FOREIGN_KEY_CHECKS */;
/*!40014 SET UNIQUE_CHECKS=@OLD_UNIQUE_CHECKS */;
/*!40101 SET CHARACTER_SET_CLIENT=@OLD_CHARACTER_SET_CLIENT */;
/*!40101 SET CHARACTER_SET_RESULTS=@OLD_CHARACTER_SET_RESULTS */;
/*!40101 SET COLLATION_CONNECTION=@OLD_COLLATION_CONNECTION */;
/*!40111 SET SQL_NOTES=@OLD_SQL_NOTES */;

-- Dump completed on 2015-07-20 15:10:22
